Date,Campaign type,Impressions,Clicks,Cost,Conversions,Revenue
2024-01-01,Cross-network,143669.0,896.0,656.3,6.5,1410.3
2024-01-01,Display Network,3.0,0.0,0.0,0.0,0.0
2024-01-01,Search Network,3701.0,251.0,496.5,4.5,576.4
2024-01-01,YouTube,36211.0,8.0,115.2,0.0,0.0
2024-01-02,Cross-network,183496.0,1172.0,1525.0,8.8,3565.7
2024-01-02,Display Network,8.0,0.0,0.0,0.0,0.0
2024-01-02,Search Network,5764.0,492.0,1256.8,9.4,1266.2
2024-01-02,YouTube,36876.0,4.0,120.2,0.0,0.0
2024-01-03,Cross-network,165282.0,988.0,1342.4,20.3,2511.1
2024-01-03,Display Network,10.0,0.0,0.0,0.0,0.0
2024-01-03,Search Network,5950.0,536.0,1639.8,14.8,3574.5
2024-01-03,YouTube,36427.0,3.0,120.6,0.0,0.0
2024-01-04,Cross-network,126346.0,812.0,1118.6,17.9,6379.6
2024-01-04,Display Network,12.0,0.0,0.0,0.0,0.0
2024-01-04,Search Network,5063.0,527.0,1324.6,18.2,3933.2
2024-01-04,YouTube,35725.0,0.0,120.0,0.0,0.0
2024-01-05,Cross-network,108205.0,736.0,931.4,18.0,3034.3
2024-01-05,Display Network,9.0,0.0,0.0,0.0,0.0
2024-01-05,Search Network,4806.0,494.0,1214.6,22.9,6063.9
2024-01-05,YouTube,36676.0,2.0,120.5,0.0,0.0
2024-01-06,Cross-network,82521.0,574.0,431.6,18.0,1745.6
2024-01-06,Display Network,2.0,0.0,0.0,0.0,0.0
2024-01-06,Search Network,2470.0,281.0,490.2,16.5,1267.0
2024-01-06,YouTube,37949.0,1.0,120.1,0.0,0.0
2024-01-07,Cross-network,65822.0,484.0,324.5,16.4,3441.8
2024-01-07,Display Network,5.0,0.0,0.0,0.0,0.0
2024-01-07,Search Network,2578.0,268.0,412.0,17.0,3019.0
2024-01-07,YouTube,38380.0,4.0,119.3,0.0,0.0
2024-01-08,Cross-network,82829.0,647.0,819.1,38.7,7824.3
2024-01-08,Display Network,8.0,0.0,0.0,0.0,0.0
2024-01-08,Search Network,3655.0,437.0,947.8,54.6,11383.4
2024-01-08,YouTube,38573.0,5.0,119.6,0.0,0.0
2024-01-09,Cross-network,108980.0,751.0,969.1,33.3,7902.4
2024-01-09,Display Network,7.0,0.0,0.0,0.0,0.0
2024-01-09,Search Network,4013.0,456.0,1080.4,35.5,6906.1
2024-01-09,YouTube,38372.0,3.0,119.6,0.0,0.0
2024-01-10,Cross-network,156835.0,988.0,1393.1,60.0,12345.6
2024-01-10,Display Network,8.0,0.0,0.0,0.0,0.0
2024-01-10,Search Network,4477.0,536.0,1410.3,58.7,13761.6
2024-01-10,YouTube,36964.0,1.0,118.1,0.0,0.0
2024-01-11,Cross-network,236943.0,1455.0,2028.8,58.5,8877.8
2024-01-11,Display Network,13.0,0.0,0.0,0.0,0.0
2024-01-11,Search Network,5090.0,509.0,1118.8,48.5,11203.3
2024-01-11,YouTube,38278.0,1.0,119.2,0.0,0.0
2024-01-12,Cross-network,231939.0,1296.0,1800.9,30.4,8638.6
2024-01-12,Display Network,6.0,0.0,0.0,0.0,0.0
2024-01-12,Search Network,3996.0,432.0,742.7,30.5,6679.6
2024-01-12,YouTube,38705.0,4.0,118.4,0.0,0.0
2024-01-13,Cross-network,277964.0,1683.0,1605.1,35.1,7663.5
2024-01-13,Display Network,4.0,0.0,0.0,0.0,0.0
2024-01-13,Search Network,3085.0,271.0,330.8,6.7,1105.3
2024-01-13,YouTube,38455.0,3.0,119.0,0.0,0.0
2024-01-14,Cross-network,326220.0,1998.0,2028.4,22.6,2690.2
2024-01-14,Display Network,3.0,0.0,0.0,0.0,0.0
2024-01-14,Search Network,3601.0,278.0,417.7,11.0,1157.9
2024-01-14,YouTube,39071.0,2.0,118.1,0.0,0.0
2024-01-15,Cross-network,434756.0,2489.0,3604.6,64.6,10411.7
2024-01-15,Display Network,4.0,0.0,0.0,0.0,0.0
2024-01-15,Search Network,5392.0,473.0,1115.5,42.2,9766.8
2024-01-15,YouTube,23161.0,2.0,69.6,0.0,0.0
2024-01-16,Cross-network,482605.0,2726.0,4215.0,63.2,14963.4
2024-01-16,Display Network,7.0,0.0,0.0,0.0,0.0
2024-01-16,Search Network,5592.0,547.0,1146.7,43.2,6736.5
2024-01-16,YouTube,23294.0,0.0,72.3,0.0,0.0
2024-01-17,Cross-network,515359.0,2832.0,4682.9,63.8,15741.0
2024-01-17,Display Network,4.0,0.0,0.0,0.0,0.0
2024-01-17,Search Network,5685.0,540.0,1402.6,44.4,10774.5
2024-01-17,YouTube,22886.0,2.0,72.4,0.8,113.7
2024-01-18,Cross-network,485985.0,2512.0,4009.5,59.2,19169.2
2024-01-18,Display Network,2.0,0.0,0.0,0.0,0.0
2024-01-18,Search Network,6519.0,573.0,1590.8,38.3,10497.9
2024-01-18,YouTube,22712.0,2.0,72.1,0.0,0.0
2024-01-19,Cross-network,473546.0,2463.0,3707.0,54.4,10077.7
2024-01-19,Display Network,8.0,0.0,0.0,0.0,0.0
2024-01-19,Search Network,5856.0,503.0,1179.7,28.0,5698.8
2024-01-19,YouTube,22564.0,2.0,72.1,0.0,0.0
2024-01-20,Cross-network,391816.0,2277.0,2594.5,41.5,7980.2
2024-01-20,Display Network,1.0,0.0,0.0,0.0,0.0
2024-01-20,Search Network,4064.0,298.0,366.7,11.7,1198.7
2024-01-20,YouTube,21648.0,1.0,71.5,0.0,0.0
2024-01-21,Cross-network,425028.0,2323.0,2447.9,29.3,6491.4
2024-01-21,Display Network,1.0,0.0,0.0,0.0,0.0
2024-01-21,Search Network,4510.0,367.0,520.6,13.4,2759.3
2024-01-21,YouTube,21293.0,0.0,71.1,0.0,0.0
2024-01-22,Cross-network,574062.0,2921.0,4732.3,54.2,8599.4
2024-01-22,Display Network,5.0,0.0,0.0,0.0,0.0
2024-01-22,Search Network,8208.0,564.0,1549.7,43.4,9666.4
2024-01-22,YouTube,21677.0,1.0,70.8,0.0,0.0
2024-01-23,Cross-network,604924.0,3082.0,4937.0,50.8,7247.7
2024-01-23,Display Network,4.0,0.0,0.0,0.0,0.0
2024-01-23,Search Network,9025.0,632.0,1624.9,62.0,21010.0
2024-01-23,YouTube,20978.0,1.0,70.1,0.0,0.0
2024-01-24,Cross-network,608893.0,3027.0,5193.1,69.3,13384.7
2024-01-24,Display Network,4.0,0.0,0.0,0.0,0.0
2024-01-24,Search Network,20181.0,912.0,3305.1,60.3,15434.2
2024-01-24,YouTube,21047.0,1.0,69.8,0.0,0.0
2024-01-25,Cross-network,597707.0,3096.0,5209.3,79.4,20348.1
2024-01-25,Display Network,7.0,0.0,0.0,0.0,0.0
2024-01-25,Search Network,15704.0,852.0,2874.0,52.8,12394.4
2024-01-25,YouTube,21237.0,1.0,69.5,0.0,0.0
2024-01-26,Cross-network,501184.0,2632.0,3646.5,62.3,11202.0
2024-01-26,Display Network,2.0,0.0,0.0,0.0,0.0
2024-01-26,Search Network,13340.0,696.0,2310.7,45.6,8948.0
2024-01-26,YouTube,21204.0,1.0,69.2,0.0,0.0
2024-01-27,Cross-network,451824.0,2432.0,2503.7,26.4,2921.0
2024-01-27,Display Network,4.0,0.0,0.0,0.0,0.0
2024-01-27,Search Network,9624.0,479.0,1030.1,14.7,3599.4
2024-01-27,YouTube,20492.0,2.0,68.5,0.0,0.0
2024-01-28,Cross-network,460679.0,2664.0,2737.4,37.7,4842.3
2024-01-28,Display Network,8.0,0.0,0.0,0.0,0.0
2024-01-28,Search Network,9384.0,444.0,853.5,15.5,2732.8
2024-01-28,YouTube,19994.0,4.0,67.4,0.0,0.0
2024-01-29,Cross-network,622329.0,3256.0,5148.5,67.2,11734.6
2024-01-29,Display Network,8.0,0.0,0.0,0.0,0.0
2024-01-29,Search Network,15600.0,768.0,2346.9,50.1,18960.8
2024-01-29,YouTube,19440.0,3.0,66.3,0.0,0.0
2024-01-30,Cross-network,650377.0,3319.0,5374.6,75.6,13479.2
2024-01-30,Display Network,10.0,0.0,0.0,0.0,0.0
2024-01-30,Search Network,15189.0,793.0,2331.4,56.6,12622.0
2024-01-30,YouTube,19077.0,2.0,64.0,0.0,0.0
2024-01-31,Cross-network,698237.0,3690.0,6218.3,78.5,15357.7
2024-01-31,Display Network,7.0,0.0,0.0,0.0,0.0
2024-01-31,Search Network,17932.0,836.0,2399.3,47.0,13171.6
2024-01-31,YouTube,18450.0,3.0,61.4,0.0,0.0
2024-02-01,Cross-network,613360.0,3211.0,4718.5,54.7,8627.5
2024-02-01,Display Network,8.0,0.0,0.0,0.0,0.0
2024-02-01,Search Network,16213.0,833.0,2686.3,46.4,10263.2
2024-02-01,YouTube,20701.0,4.0,72.8,0.0,0.0
2024-02-02,Cross-network,610351.0,3124.0,4748.0,56.5,14842.5
2024-02-02,Display Network,3.0,0.0,0.0,0.0,0.0
2024-02-02,Search Network,16626.0,819.0,2468.4,49.8,14267.7
2024-02-02,YouTube,21800.0,4.0,76.0,0.0,0.0
2024-02-03,Cross-network,556633.0,2946.0,3362.6,26.2,4793.5
2024-02-03,Display Network,2.0,0.0,0.0,0.0,0.0
2024-02-03,Search Network,13462.0,490.0,1003.4,15.5,4451.8
2024-02-03,YouTube,21902.0,3.0,76.8,0.0,0.0
2024-02-04,Cross-network,529966.0,3039.0,3239.0,39.0,7092.0
2024-02-04,Search Network,10129.0,536.0,1046.2,13.0,2331.9
2024-02-04,YouTube,21836.0,2.0,76.2,0.8,1678.2
2024-02-05,Cross-network,634312.0,3347.0,5522.6,89.6,14875.3
2024-02-05,Display Network,8.0,0.0,0.0,0.0,0.0
2024-02-05,Search Network,19632.0,781.0,1924.3,48.2,15561.8
2024-02-05,YouTube,21332.0,4.0,75.9,0.0,0.0
2024-02-06,Cross-network,548167.0,2694.0,4878.8,90.2,20845.2
2024-02-06,Display Network,6.0,0.0,0.0,0.0,0.0
2024-02-06,Search Network,13233.0,867.0,2297.6,41.9,7939.2
2024-02-06,YouTube,21908.0,1.0,75.6,0.0,0.0
2024-02-07,Cross-network,600093.0,3311.0,5853.3,71.1,13528.5
2024-02-07,Display Network,6.0,0.0,0.0,0.0,0.0
2024-02-07,Search Network,19378.0,978.0,2248.9,35.6,7221.8
2024-02-07,YouTube,22033.0,4.0,75.5,0.0,0.0
2024-02-08,Cross-network,588948.0,3107.0,5509.8,68.7,16710.0
2024-02-08,Display Network,4.0,0.0,0.0,0.0,0.0
2024-02-08,Search Network,15082.0,878.0,2751.8,37.8,12134.4
2024-02-08,YouTube,21360.0,2.0,75.0,0.0,0.0
2024-02-09,Cross-network,578324.0,3067.0,5269.4,63.1,12598.0
2024-02-09,Display Network,4.0,0.0,0.0,0.0,0.0
2024-02-09,Search Network,11727.0,658.0,1891.2,37.8,7974.2
2024-02-09,YouTube,22260.0,0.0,74.8,0.8,664.0
2024-02-10,Cross-network,515338.0,2720.0,3399.4,30.4,4834.7
2024-02-10,Display Network,2.0,0.0,0.0,0.0,0.0
2024-02-10,Search Network,9261.0,513.0,1126.7,11.8,1370.9
2024-02-10,YouTube,22516.0,1.0,75.7,0.0,0.0
2024-02-11,Cross-network,455154.0,2508.0,3014.0,26.0,6132.8
2024-02-11,Display Network,3.0,0.0,0.0,0.0,0.0
2024-02-11,Search Network,8906.0,437.0,932.9,12.4,2604.2
2024-02-11,YouTube,21255.0,3.0,74.9,0.8,0.0
2024-02-12,Cross-network,592160.0,3030.0,5747.7,61.5,19212.0
2024-02-12,Display Network,12.0,0.0,0.0,0.0,0.0
2024-02-12,Search Network,18156.0,744.0,2212.8,43.9,8909.6
2024-02-12,YouTube,21210.0,2.0,74.5,0.0,0.0
2024-02-13,Cross-network,515647.0,2620.0,4334.7,69.9,12729.1
2024-02-13,Display Network,4.0,0.0,0.0,0.0,0.0
2024-02-13,Search Network,16716.0,821.0,2507.1,54.8,11553.9
2024-02-13,YouTube,20479.0,1.0,73.7,0.0,0.0
2024-02-14,Cross-network,424214.0,2234.0,3998.1,58.4,15133.8
2024-02-14,Display Network,5.0,0.0,0.0,0.0,0.0
2024-02-14,Search Network,13087.0,743.0,2091.4,49.2,12013.6
2024-02-14,YouTube,20180.0,1.0,73.3,0.0,0.0
2024-02-15,Cross-network,426194.0,2329.0,3909.5,52.6,15456.6
2024-02-15,Display Network,4.0,0.0,0.0,0.0,0.0
2024-02-15,Search Network,12144.0,668.0,1880.0,51.6,10942.3
2024-02-15,YouTube,21158.0,4.0,74.4,0.0,0.0
2024-02-16,Cross-network,447970.0,2392.0,3676.0,61.7,11389.2
2024-02-16,Display Network,5.0,0.0,0.0,0.0,0.0
2024-02-16,Search Network,7262.0,468.0,1196.1,46.4,11720.1
2024-02-16,YouTube,20536.0,2.0,73.7,0.0,0.0
2024-02-17,Cross-network,381581.0,2130.0,2413.4,36.8,7195.3
2024-02-17,Search Network,4434.0,208.0,335.1,12.1,1851.2
2024-02-17,YouTube,20427.0,0.0,73.5,0.0,0.0
2024-02-18,Cross-network,372008.0,2097.0,2132.4,43.0,7448.0
2024-02-18,Display Network,1.0,0.0,0.0,0.0,0.0
2024-02-18,Search Network,3460.0,223.0,324.5,14.1,2514.3
2024-02-18,YouTube,20684.0,1.0,73.0,0.0,0.0
2024-02-19,Cross-network,481684.0,2622.0,4518.3,82.7,15728.8
2024-02-19,Display Network,18.0,0.0,0.1,0.0,0.0
2024-02-19,Search Network,13113.0,432.0,950.7,42.0,8762.0
2024-02-19,YouTube,19927.0,4.0,72.6,0.0,0.0
2024-02-20,Cross-network,436268.0,2426.0,3948.4,76.7,13617.9
2024-02-20,Display Network,10.0,0.0,0.0,0.0,0.0
2024-02-20,Search Network,12168.0,532.0,1038.8,38.2,10231.7
2024-02-20,YouTube,18215.0,3.0,72.7,0.0,0.0
2024-02-21,Cross-network,452609.0,2482.0,4284.6,71.2,20177.7
2024-02-21,Display Network,10.0,0.0,0.0,0.0,0.0
2024-02-21,Search Network,14952.0,584.0,1460.8,38.6,9782.5
2024-02-21,YouTube,18833.0,4.0,71.7,0.0,0.0
2024-02-22,Cross-network,398333.0,2169.0,3212.3,44.0,9612.3
2024-02-22,Display Network,11.0,0.0,0.0,0.0,0.0
2024-02-22,Search Network,10848.0,654.0,1695.5,45.2,7885.3
2024-02-22,YouTube,18959.0,4.0,71.5,0.8,45.1
2024-02-23,Cross-network,421474.0,2206.0,3354.8,53.6,13397.2
2024-02-23,Display Network,12.0,0.0,0.0,0.0,0.0
2024-02-23,Search Network,9972.0,532.0,1283.8,26.1,3750.3
2024-02-23,YouTube,19278.0,4.0,72.0,0.0,0.0
2024-02-24,Cross-network,385761.0,2184.0,2573.3,30.7,6647.8
2024-02-24,Display Network,4.0,0.0,0.0,0.0,0.0
2024-02-24,Search Network,7116.0,354.0,576.6,13.7,1832.2
2024-02-24,YouTube,19468.0,0.0,71.6,0.8,117.2
2024-02-25,Cross-network,403544.0,2305.0,2565.0,37.9,9195.3
2024-02-25,Display Network,5.0,0.0,0.0,0.0,0.0
2024-02-25,Search Network,8816.0,332.0,658.2,12.6,2411.9
2024-02-25,YouTube,20024.0,1.0,70.5,0.0,0.0
2024-02-26,Cross-network,447108.0,2460.0,3870.8,53.3,8723.3
2024-02-26,Display Network,17.0,0.0,0.1,0.0,0.0
2024-02-26,Search Network,21576.0,719.0,1828.3,61.1,16479.0
2024-02-26,YouTube,18116.0,2.0,68.2,0.0,0.0
2024-02-27,Cross-network,430497.0,2317.0,3799.8,61.3,11870.4
2024-02-27,Display Network,10.0,0.0,0.0,0.0,0.0
2024-02-27,Search Network,20241.0,737.0,1891.1,39.5,7388.5
2024-02-27,YouTube,17060.0,4.0,67.8,0.0,0.0
2024-02-28,Cross-network,412257.0,2216.0,3383.1,48.9,8806.4
2024-02-28,Display Network,15.0,0.0,0.1,0.0,0.0
2024-02-28,Search Network,19694.0,850.0,2419.4,50.6,11906.6
2024-02-28,YouTube,16382.0,1.0,62.3,0.0,0.0
2024-02-29,Cross-network,386149.0,2154.0,3009.4,49.7,14244.1
2024-02-29,Display Network,7.0,0.0,0.0,0.0,0.0
2024-02-29,Search Network,23696.0,872.0,2102.8,55.5,14636.1
2024-02-29,YouTube,16946.0,4.0,63.8,0.0,0.0
2024-03-01,Cross-network,379404.0,2248.0,3156.5,57.0,12154.3
2024-03-01,Display Network,12.0,0.0,0.0,0.0,0.0
2024-03-01,Search Network,15210.0,709.0,1600.4,52.8,13754.7
2024-03-01,YouTube,16638.0,0.0,61.5,0.0,0.0
2024-03-02,Cross-network,334685.0,2020.0,2174.9,30.7,6577.5
2024-03-02,Display Network,4.0,0.0,0.0,0.0,0.0
2024-03-02,Search Network,10964.0,459.0,742.5,19.3,1948.2
2024-03-02,YouTube,17597.0,0.0,66.0,0.0,0.0
2024-03-03,Cross-network,361325.0,2250.0,2580.6,29.3,6410.6
2024-03-03,Search Network,10589.0,468.0,775.1,8.5,1313.1
2024-03-03,YouTube,17564.0,0.0,65.0,0.0,0.0
2024-03-04,Cross-network,447804.0,2472.0,3784.2,63.7,18638.6
2024-03-04,Display Network,8.0,0.0,0.0,0.0,0.0
2024-03-04,Search Network,14246.0,713.0,1853.7,30.9,8461.7
2024-03-04,YouTube,16578.0,8.0,63.8,0.0,0.0
2024-03-05,Cross-network,447590.0,2484.0,4049.0,47.6,13069.0
2024-03-05,Display Network,9.0,0.0,0.0,0.0,0.0
2024-03-05,Search Network,15119.0,745.0,1849.3,55.5,14919.9
2024-03-05,YouTube,15979.0,4.0,64.0,0.0,0.0
2024-03-06,Cross-network,416552.0,2418.0,4155.0,66.6,9818.5
2024-03-06,Display Network,14.0,0.0,0.1,0.0,0.0
2024-03-06,Search Network,16005.0,768.0,2035.0,46.2,12793.5
2024-03-06,YouTube,16069.0,2.0,63.8,0.0,0.0
2024-03-07,Cross-network,380203.0,2197.0,3444.8,56.5,11075.8
2024-03-07,Display Network,12.0,0.0,0.0,0.0,0.0
2024-03-07,Search Network,14908.0,782.0,2152.8,40.3,7915.2
2024-03-07,YouTube,16064.0,2.0,64.5,0.0,0.0
2024-03-08,Cross-network,355112.0,2071.0,3284.9,64.1,12526.2
2024-03-08,Display Network,5.0,0.0,0.0,0.0,0.0
2024-03-08,Search Network,13025.0,714.0,2081.6,42.1,11729.1
2024-03-08,YouTube,16336.0,0.0,63.9,0.0,0.0
2024-03-09,Cross-network,364769.0,2176.0,2474.5,28.3,7811.5
2024-03-09,Display Network,4.0,0.0,0.0,0.0,0.0
2024-03-09,Search Network,11493.0,575.0,1013.8,13.5,1674.5
2024-03-09,YouTube,16632.0,1.0,64.7,0.0,0.0
2024-03-10,Cross-network,339316.0,1912.0,2157.5,32.8,14938.1
2024-03-10,Display Network,4.0,0.0,0.0,0.0,0.0
2024-03-10,Search Network,10788.0,463.0,695.7,7.7,1239.1
2024-03-10,YouTube,16340.0,0.0,63.7,0.0,0.0
2024-03-11,Cross-network,417931.0,2297.0,4435.7,62.6,10662.6
2024-03-11,Display Network,7.0,0.0,0.0,0.0,0.0
2024-03-11,Search Network,12582.0,700.0,2016.5,52.9,14020.1
2024-03-11,YouTube,11586.0,6.0,50.2,0.0,0.0
2024-03-12,Cross-network,391023.0,2312.0,3863.8,76.4,17568.2
2024-03-12,Search Network,8191.0,535.0,1773.4,47.4,13421.1
2024-03-12,YouTube,9784.0,4.0,46.4,0.0,0.0
2024-03-13,Cross-network,392142.0,2234.0,3588.9,55.2,11360.9
2024-03-13,Search Network,7276.0,519.0,1419.8,42.0,8658.7
2024-03-13,YouTube,10730.0,3.0,46.6,0.0,0.0
2024-03-14,Cross-network,403896.0,2248.0,3859.7,55.9,10749.5
2024-03-14,Display Network,175.0,0.0,0.6,0.0,0.0
2024-03-14,Search Network,8093.0,526.0,1479.4,38.9,7475.0
2024-03-14,YouTube,15152.0,6.0,74.2,0.0,0.0
2024-03-15,Cross-network,385330.0,2220.0,3802.9,39.6,6268.1
2024-03-15,Display Network,163.0,0.0,0.8,0.0,0.0
2024-03-15,Search Network,7832.0,463.0,988.5,27.6,4907.1
2024-03-15,YouTube,16963.0,3.0,76.1,0.0,0.0
2024-03-16,Cross-network,327114.0,1910.0,2269.0,40.9,12465.7
2024-03-16,Display Network,5.0,0.0,0.0,0.0,0.0
2024-03-16,Search Network,6476.0,366.0,650.8,13.3,2652.4
2024-03-16,YouTube,14626.0,5.0,79.6,0.0,0.0
2024-03-17,Cross-network,326544.0,1958.0,2103.8,28.6,4665.9
2024-03-17,Search Network,5552.0,386.0,711.4,12.0,1391.8
2024-03-17,YouTube,14668.0,1.0,68.0,0.0,0.0
2024-03-18,Cross-network,417383.0,2391.0,3724.9,71.4,13380.6
2024-03-18,Display Network,17.0,0.0,0.1,0.0,0.0
2024-03-18,Search Network,6633.0,568.0,1535.6,53.6,15754.0
2024-03-18,YouTube,13521.0,1.0,55.2,0.0,0.0
2024-03-19,Cross-network,394153.0,2322.0,4047.6,59.9,14478.5
2024-03-19,Display Network,85.0,0.0,0.6,0.0,0.0
2024-03-19,Search Network,9054.0,566.0,1577.2,43.5,8070.2
2024-03-19,YouTube,13188.0,2.0,56.1,0.0,0.0
2024-03-20,Cross-network,333646.0,1984.0,3396.8,50.1,9415.0
2024-03-20,Display Network,34.0,0.0,0.3,0.0,0.0
2024-03-20,Search Network,7567.0,544.0,1621.5,38.2,6950.9
2024-03-20,YouTube,15328.0,1.0,68.9,0.0,0.0
2024-03-21,Cross-network,356542.0,2067.0,3525.3,70.3,16141.4
2024-03-21,Display Network,86.0,0.0,0.6,0.0,0.0
2024-03-21,Search Network,7212.0,572.0,1709.1,44.8,8403.0
2024-03-21,YouTube,13821.0,3.0,61.8,0.0,0.0
2024-03-22,Cross-network,323992.0,1967.0,2948.8,47.1,9845.6
2024-03-22,Display Network,1.0,0.0,0.0,0.0,0.0
2024-03-22,Search Network,6881.0,462.0,1252.1,39.1,9628.0
2024-03-22,YouTube,13506.0,2.0,62.2,0.0,0.0
2024-03-23,Cross-network,304332.0,1867.0,2142.8,33.5,4019.0
2024-03-23,Search Network,6126.0,355.0,663.3,7.8,1424.2
2024-03-23,YouTube,13576.0,4.0,67.7,0.0,0.0
2024-03-24,Cross-network,278556.0,1666.0,1762.1,23.1,2827.2
2024-03-24,Search Network,4052.0,299.0,524.6,10.6,4553.6
2024-03-24,YouTube,12893.0,4.0,62.5,0.0,0.0
2024-03-25,Cross-network,367339.0,2139.0,3161.7,73.5,13788.9
2024-03-25,Display Network,66.0,1.0,0.6,0.0,0.0
2024-03-25,Search Network,5584.0,426.0,1144.7,36.0,8945.9
2024-03-25,YouTube,11779.0,4.0,51.0,0.0,0.0
2024-03-26,Cross-network,399645.0,2423.0,3583.8,50.4,14138.6
2024-03-26,Display Network,80.0,0.0,0.7,0.0,0.0
2024-03-26,Search Network,6384.0,482.0,1373.2,41.1,9170.9
2024-03-26,YouTube,13128.0,2.0,52.6,0.0,0.0
2024-03-27,Cross-network,337767.0,1992.0,3024.3,50.4,17387.5
2024-03-27,Display Network,114.0,0.0,0.7,0.0,0.0
2024-03-27,Search Network,6995.0,516.0,1410.6,49.6,13318.4
2024-03-27,YouTube,14872.0,2.0,63.8,0.0,0.0
2024-03-28,Cross-network,426606.0,2437.0,3832.7,67.6,16790.1
2024-03-28,Display Network,14.0,0.0,0.1,0.0,0.0
2024-03-28,Search Network,8577.0,554.0,1503.4,46.6,9480.2
2024-03-28,YouTube,14395.0,2.0,60.4,0.0,0.0
2024-03-29,Cross-network,341998.0,1894.0,2896.2,57.5,14586.5
2024-03-29,Display Network,104.0,0.0,0.7,0.0,0.0
2024-03-29,Search Network,6216.0,439.0,1208.1,33.0,6762.0
2024-03-29,YouTube,12978.0,1.0,57.5,0.0,0.0
2024-03-30,Cross-network,304688.0,1872.0,2311.3,30.5,4442.5
2024-03-30,Display Network,6.0,0.0,0.1,0.0,0.0
2024-03-30,Search Network,5177.0,326.0,682.4,12.3,2142.3
2024-03-30,YouTube,12450.0,1.0,61.4,0.0,0.0
2024-03-31,Cross-network,283899.0,1710.0,1798.0,25.2,4482.0
2024-03-31,Display Network,33.0,0.0,0.3,0.0,0.0
2024-03-31,Search Network,4987.0,283.0,523.0,9.8,994.1
2024-03-31,YouTube,11972.0,4.0,52.8,0.0,0.0
2024-04-01,Cross-network,370452.0,2300.0,3849.8,75.7,13273.1
2024-04-01,Display Network,164.0,0.0,1.3,0.0,0.0
2024-04-01,Search Network,14012.0,529.0,1447.1,51.6,11365.2
2024-04-01,YouTube,15473.0,3.0,56.2,0.0,0.0
2024-04-02,Cross-network,391407.0,2399.0,3514.9,51.0,7951.9
2024-04-02,Display Network,138.0,0.0,1.0,0.0,0.0
2024-04-02,Search Network,8096.0,528.0,1318.7,35.0,9877.5
2024-04-02,YouTube,16696.0,5.0,59.8,0.0,0.0
2024-04-03,Cross-network,393367.0,2379.0,3529.3,58.7,10727.3
2024-04-03,Display Network,20.0,0.0,0.2,0.0,0.0
2024-04-03,Search Network,7905.0,543.0,1510.3,44.5,10779.8
2024-04-03,YouTube,18488.0,1.0,70.0,0.0,0.0
2024-04-04,Cross-network,413548.0,2469.0,3684.5,56.2,16026.7
2024-04-04,Display Network,16.0,0.0,0.1,0.0,0.0
2024-04-04,Search Network,9299.0,593.0,1451.2,38.7,8833.5
2024-04-04,YouTube,18492.0,0.0,67.9,0.0,0.0
2024-04-05,Cross-network,360305.0,2176.0,3313.7,45.9,9916.8
2024-04-05,Display Network,36.0,0.0,0.2,0.0,0.0
2024-04-05,Search Network,7622.0,479.0,1215.5,36.6,8384.0
2024-04-05,YouTube,18104.0,2.0,69.6,0.0,0.0
2024-04-06,Cross-network,292244.0,1717.0,1946.7,34.8,3861.2
2024-04-06,Display Network,136.0,1.0,1.2,0.0,0.0
2024-04-06,Search Network,5382.0,321.0,581.5,6.5,849.3
2024-04-06,YouTube,19542.0,6.0,94.8,0.0,0.0
2024-04-07,Cross-network,278691.0,1748.0,1954.4,35.0,14537.0
2024-04-07,Display Network,4.0,0.0,0.0,0.0,0.0
2024-04-07,Search Network,5060.0,270.0,479.2,6.7,1233.5
2024-04-07,YouTube,16463.0,3.0,68.4,0.0,0.0
2024-04-08,Cross-network,328165.0,1889.0,3182.3,49.6,10352.1
2024-04-08,Display Network,116.0,0.0,0.7,0.0,0.0
2024-04-08,Search Network,5548.0,394.0,1038.1,33.3,10665.9
2024-04-08,YouTube,14205.0,4.0,54.2,0.0,0.0
2024-04-09,Cross-network,384192.0,2243.0,4074.5,71.5,16556.4
2024-04-09,Display Network,82.0,0.0,0.5,0.0,0.0
2024-04-09,Search Network,6548.0,450.0,1440.3,45.3,12877.7
2024-04-09,YouTube,15693.0,1.0,58.4,0.0,0.0
2024-04-10,Cross-network,414864.0,2446.0,4291.6,72.7,16885.4
2024-04-10,Display Network,48.0,0.0,0.4,0.0,0.0
2024-04-10,Search Network,7872.0,513.0,1552.9,43.3,8788.0
2024-04-10,YouTube,18135.0,1.0,71.3,0.0,0.0
2024-04-11,Cross-network,479903.0,2764.0,4310.4,59.2,12927.1
2024-04-11,Display Network,41.0,0.0,0.3,0.0,0.0
2024-04-11,Search Network,9757.0,567.0,1409.8,46.3,10945.0
2024-04-11,YouTube,17756.0,2.0,68.0,0.0,0.0
2024-04-12,Cross-network,433982.0,2536.0,3976.9,52.2,24422.7
2024-04-12,Display Network,38.0,0.0,0.3,0.0,0.0
2024-04-12,Search Network,9858.0,502.0,1468.8,31.4,7777.1
2024-04-12,YouTube,16840.0,2.0,66.7,0.0,0.0
2024-04-13,Cross-network,360842.0,2088.0,2709.5,28.2,8799.8
2024-04-13,Search Network,5418.0,300.0,714.7,8.1,1239.8
2024-04-13,YouTube,15864.0,8.0,71.9,0.0,0.0
2024-04-14,Cross-network,341332.0,2035.0,2554.7,22.0,7185.8
2024-04-14,Search Network,4901.0,266.0,448.5,8.6,1194.4
2024-04-14,YouTube,15005.0,3.0,67.6,0.0,0.0
2024-04-15,Cross-network,429097.0,2372.0,4167.7,58.0,9877.2
2024-04-15,Display Network,48.0,0.0,0.4,0.0,0.0
2024-04-15,Search Network,6314.0,434.0,1250.3,52.0,10982.3
2024-04-15,YouTube,13815.0,1.0,55.6,0.0,0.0
2024-04-16,Cross-network,449371.0,2532.0,4440.3,59.7,11424.2
2024-04-16,Display Network,175.0,1.0,0.9,0.0,0.0
2024-04-16,Search Network,7199.0,446.0,1254.6,32.3,10635.7
2024-04-16,YouTube,15123.0,3.0,59.7,0.0,0.0
2024-04-17,Cross-network,452924.0,2626.0,4476.1,52.1,9801.7
2024-04-17,Display Network,56.0,0.0,0.3,0.0,0.0
2024-04-17,Search Network,7918.0,533.0,1539.9,53.7,14305.0
2024-04-17,YouTube,16267.0,1.0,66.8,0.0,0.0
2024-04-18,Cross-network,415445.0,2393.0,3947.5,67.7,20230.6
2024-04-18,Display Network,36.0,0.0,0.3,0.0,0.0
2024-04-18,Search Network,8592.0,532.0,1697.2,30.5,7324.4
2024-04-18,YouTube,16094.0,2.0,64.5,0.0,0.0
2024-04-19,Cross-network,389964.0,2242.0,3230.2,45.9,12575.1
2024-04-19,Display Network,28.0,0.0,0.3,0.0,0.0
2024-04-19,Search Network,8149.0,471.0,1536.8,33.1,6797.2
2024-04-19,YouTube,15923.0,5.0,64.0,0.0,0.0
2024-04-20,Cross-network,353129.0,2127.0,2469.5,29.6,5840.9
2024-04-20,Display Network,16.0,0.0,0.2,0.0,0.0
2024-04-20,Search Network,5625.0,312.0,573.2,12.8,1906.9
2024-04-20,YouTube,16710.0,5.0,71.1,0.0,0.0
2024-04-21,Cross-network,349459.0,2122.0,2546.2,24.2,3830.1
2024-04-21,Search Network,5365.0,294.0,596.4,7.5,1129.1
2024-04-21,YouTube,14292.0,9.0,66.4,0.0,0.0
2024-04-22,Cross-network,486304.0,2658.0,4908.0,55.7,15505.7
2024-04-22,Display Network,37.0,0.0,0.3,0.0,0.0
2024-04-22,Search Network,12880.0,531.0,1430.6,43.0,10242.9
2024-04-22,YouTube,12672.0,4.0,53.3,0.0,0.0
2024-04-23,Cross-network,436130.0,2447.0,3601.6,58.7,13147.4
2024-04-23,Display Network,41.0,0.0,0.1,0.0,0.0
2024-04-23,Search Network,10133.0,545.0,1761.4,44.0,15624.1
2024-04-23,YouTube,12857.0,1.0,55.5,0.0,0.0
2024-04-24,Cross-network,452516.0,2663.0,3925.1,36.9,10064.5
2024-04-24,Display Network,97.0,0.0,0.8,0.0,0.0
2024-04-24,Search Network,9613.0,598.0,1959.9,40.4,8855.3
2024-04-24,YouTube,14948.0,3.0,66.8,0.0,0.0
2024-04-25,Cross-network,376539.0,2272.0,3696.3,46.8,11472.4
2024-04-25,Display Network,49.0,0.0,0.4,0.0,0.0
2024-04-25,Search Network,10074.0,530.0,1832.3,50.0,13571.4
2024-04-25,YouTube,14527.0,1.0,62.1,0.0,0.0
2024-04-26,Cross-network,343674.0,1994.0,2957.0,50.5,10558.6
2024-04-26,Display Network,32.0,0.0,0.2,0.0,0.0
2024-04-26,Search Network,8644.0,524.0,1749.4,28.4,5610.3
2024-04-26,YouTube,13984.0,4.0,60.9,0.0,0.0
2024-04-27,Cross-network,301283.0,1796.0,1911.4,25.6,4109.7
2024-04-27,Display Network,19.0,0.0,0.1,0.0,0.0
2024-04-27,Search Network,6059.0,359.0,817.1,16.5,3813.8
2024-04-27,YouTube,14860.0,0.0,66.6,0.0,0.0
2024-04-28,Cross-network,332420.0,1960.0,2225.1,23.2,6278.4
2024-04-28,Search Network,9314.0,314.0,658.3,8.5,1309.8
2024-04-28,YouTube,13148.0,2.0,61.8,0.0,0.0
2024-04-29,Cross-network,487971.0,2796.0,5100.1,58.9,18015.5
2024-04-29,Display Network,107.0,0.0,0.9,0.0,0.0
2024-04-29,Search Network,9420.0,644.0,2418.1,51.3,11769.3
2024-04-29,YouTube,11632.0,7.0,48.6,0.0,0.0
2024-04-30,Cross-network,475988.0,2672.0,4386.8,63.8,13297.7
2024-04-30,Display Network,23.0,0.0,0.2,0.0,0.0
2024-04-30,Search Network,10775.0,584.0,2180.0,57.3,11675.7
2024-04-30,YouTube,12924.0,0.0,56.0,0.0,0.0
2024-05-01,Cross-network,410081.0,2267.0,4060.6,59.7,16304.6
2024-05-01,Display Network,17.0,0.0,0.1,0.0,0.0
2024-05-01,Search Network,9643.0,524.0,1759.0,53.1,11227.7
2024-05-01,YouTube,14744.0,0.0,59.2,0.0,0.0
2024-05-02,Cross-network,422080.0,2436.0,4076.0,49.3,11163.2
2024-05-02,Display Network,33.0,0.0,0.2,0.0,0.0
2024-05-02,Search Network,9468.0,531.0,1939.8,38.0,7556.9
2024-05-02,YouTube,15819.0,6.0,60.8,0.0,0.0
2024-05-03,Cross-network,363841.0,2064.0,2907.6,46.3,9243.0
2024-05-03,Display Network,61.0,0.0,0.4,0.0,0.0
2024-05-03,Search Network,8127.0,486.0,1782.2,30.7,9607.0
2024-05-03,YouTube,16262.0,2.0,65.0,0.0,0.0
2024-05-04,Cross-network,333404.0,1965.0,2443.6,31.0,5278.9
2024-05-04,Display Network,4.0,0.0,0.1,0.0,0.0
2024-05-04,Search Network,6384.0,354.0,1055.7,14.7,1696.6
2024-05-04,YouTube,15512.0,5.0,68.2,0.0,0.0
2024-05-05,Cross-network,381812.0,2180.0,2397.7,26.0,4083.9
2024-05-05,Display Network,8.0,0.0,0.1,0.0,0.0
2024-05-05,Search Network,6306.0,337.0,672.1,13.0,1192.6
2024-05-05,YouTube,16935.0,7.0,67.4,0.0,0.0
2024-05-06,Cross-network,528157.0,2839.0,4570.9,50.4,8934.5
2024-05-06,Display Network,64.0,0.0,0.4,0.0,0.0
2024-05-06,Search Network,10449.0,616.0,2457.3,46.4,9781.6
2024-05-06,YouTube,14200.0,0.0,54.4,0.0,0.0
2024-05-07,Cross-network,448991.0,2316.0,3857.1,55.7,12076.6
2024-05-07,Display Network,30.0,1.0,0.2,0.0,0.0
2024-05-07,Search Network,9554.0,544.0,1831.6,39.4,7748.4
2024-05-07,YouTube,14274.0,0.0,57.1,0.0,0.0
2024-05-08,Cross-network,342160.0,1998.0,3199.6,45.8,10469.0
2024-05-08,Display Network,70.0,0.0,0.5,0.0,0.0
2024-05-08,Search Network,9048.0,543.0,2026.7,53.0,15533.3
2024-05-08,YouTube,16504.0,6.0,66.2,0.0,0.0
2024-05-09,Cross-network,333242.0,1840.0,2852.8,44.8,8207.1
2024-05-09,Display Network,4.0,0.0,0.0,0.0,0.0
2024-05-09,Search Network,7288.0,485.0,1927.6,35.1,8598.1
2024-05-09,YouTube,16474.0,4.0,65.5,0.0,0.0
2024-05-10,Cross-network,256834.0,1468.0,2240.6,35.5,9089.8
2024-05-10,Display Network,51.0,0.0,0.5,0.0,0.0
2024-05-10,Search Network,4525.0,370.0,1537.1,30.5,5370.0
2024-05-10,YouTube,16176.0,3.0,65.0,0.0,0.0
2024-05-11,Cross-network,182779.0,1079.0,1270.0,17.6,1639.2
2024-05-11,Display Network,4.0,0.0,0.0,0.0,0.0
2024-05-11,Search Network,4693.0,291.0,584.0,16.6,1928.2
2024-05-11,YouTube,16964.0,2.0,74.3,0.0,0.0
2024-05-12,Cross-network,148468.0,866.0,904.2,19.2,2487.8
2024-05-12,Display Network,4.0,0.0,0.0,0.0,0.0
2024-05-12,Search Network,4255.0,285.0,775.1,10.9,1626.9
2024-05-12,YouTube,15251.0,5.0,65.8,0.0,0.0
2024-05-13,Cross-network,236280.0,1359.0,2145.0,39.8,10262.6
2024-05-13,Display Network,96.0,0.0,0.8,0.0,0.0
2024-05-13,Search Network,5901.0,439.0,1527.2,32.8,6475.2
2024-05-13,YouTube,13779.0,3.0,53.6,0.0,0.0
2024-05-14,Cross-network,260806.0,1416.0,2377.2,44.0,6806.3
2024-05-14,Display Network,117.0,0.0,0.8,0.0,0.0
2024-05-14,Search Network,6693.0,503.0,1784.0,30.7,7695.9
2024-05-14,YouTube,16010.0,0.0,62.3,0.0,0.0
2024-05-15,Cross-network,256919.0,1482.0,2356.9,38.8,9101.8
2024-05-15,Display Network,16.0,0.0,0.2,0.0,0.0
2024-05-15,Search Network,7107.0,505.0,1635.8,37.1,8402.0
2024-05-15,YouTube,15830.0,2.0,61.4,0.0,0.0
2024-05-16,Cross-network,222094.0,1157.0,2008.6,19.3,3291.1
2024-05-16,Display Network,45.0,0.0,0.3,0.0,0.0
2024-05-16,Search Network,6416.0,526.0,1835.8,40.4,12342.4
2024-05-16,YouTube,24355.0,4.0,101.2,0.0,0.0
2024-05-17,Cross-network,274261.0,1454.0,2160.0,39.2,7437.2
2024-05-17,Display Network,71.0,0.0,0.4,0.0,0.0
2024-05-17,Search Network,5948.0,435.0,1685.1,28.8,5962.9
2024-05-17,YouTube,25852.0,2.0,111.3,0.0,0.0
2024-05-18,Cross-network,196700.0,1148.0,1309.9,16.1,2374.5
2024-05-18,Display Network,73.0,0.0,0.7,0.0,0.0
2024-05-18,Search Network,5053.0,302.0,789.3,16.7,2535.3
2024-05-18,YouTube,28653.0,7.0,123.0,0.0,0.0
2024-05-19,Cross-network,179544.0,1004.0,1125.0,16.5,2376.9
2024-05-19,Display Network,12.0,0.0,0.1,0.0,0.0
2024-05-19,Search Network,3812.0,251.0,524.8,7.8,993.8
2024-05-19,YouTube,26233.0,4.0,114.2,0.0,0.0
2024-05-20,Cross-network,288404.0,1474.0,2477.5,41.3,9410.2
2024-05-20,Display Network,64.0,0.0,0.5,0.0,0.0
2024-05-20,Search Network,5282.0,416.0,1412.5,30.1,7841.2
2024-05-20,YouTube,28908.0,2.0,110.6,0.0,0.0
2024-05-21,Cross-network,297397.0,1577.0,2886.7,52.5,12144.3
2024-05-21,Display Network,118.0,0.0,0.8,0.0,0.0
2024-05-21,Search Network,6108.0,407.0,1563.5,40.6,10940.7
2024-05-21,YouTube,31962.0,2.0,124.3,0.0,0.0
2024-05-22,Cross-network,301828.0,1780.0,2939.6,43.0,7873.8
2024-05-22,Display Network,70.0,0.0,0.4,0.0,0.0
2024-05-22,Search Network,5836.0,406.0,1477.2,47.0,16287.4
2024-05-22,YouTube,29297.0,2.0,114.9,0.0,0.0
2024-05-23,Cross-network,313477.0,1739.0,3048.3,50.7,8764.2
2024-05-23,Display Network,74.0,0.0,0.4,0.0,0.0
2024-05-23,Search Network,6531.0,391.0,1398.8,35.4,8221.6
2024-05-23,YouTube,29093.0,2.0,120.0,0.0,0.0
2024-05-24,Cross-network,278664.0,1590.0,2624.7,39.6,11494.5
2024-05-24,Display Network,48.0,0.0,0.3,0.0,0.0
2024-05-24,Search Network,3698.0,272.0,1002.7,24.3,5514.4
2024-05-24,YouTube,28368.0,4.0,119.5,0.0,0.0
2024-05-25,Cross-network,256426.0,1418.0,1863.2,27.7,4678.6
2024-05-25,Display Network,2.0,0.0,0.0,0.0,0.0
2024-05-25,Search Network,3464.0,228.0,635.2,8.6,1718.6
2024-05-25,YouTube,28189.0,4.0,127.0,0.0,0.0
2024-05-26,Cross-network,268792.0,1524.0,1885.8,28.2,3484.7
2024-05-26,Display Network,1.0,0.0,0.0,0.0,0.0
2024-05-26,Search Network,3452.0,188.0,349.5,6.0,1123.2
2024-05-26,YouTube,27236.0,5.0,122.3,0.0,0.0
2024-05-27,Cross-network,350508.0,2075.0,3136.4,30.4,3752.4
2024-05-27,Display Network,111.0,0.0,0.6,0.0,0.0
2024-05-27,Search Network,2141.0,148.0,839.0,13.3,3319.7
2024-05-27,YouTube,28761.0,4.0,115.6,0.0,0.0
2024-05-28,Cross-network,454564.0,2396.0,4264.7,59.5,11793.0
2024-05-28,Display Network,48.0,0.0,0.4,0.0,0.0
2024-05-28,Search Network,3211.0,217.0,1055.1,32.1,7487.8
2024-05-28,YouTube,28141.0,1.0,109.9,0.0,0.0
2024-05-29,Cross-network,472938.0,2708.0,4793.5,65.4,14208.4
2024-05-29,Display Network,52.0,0.0,0.4,0.0,0.0
2024-05-29,Search Network,4455.0,245.0,961.1,28.0,12272.2
2024-05-29,YouTube,28001.0,1.0,108.9,0.8,82.9
2024-05-30,Cross-network,457116.0,2528.0,4470.0,46.0,10689.1
2024-05-30,Display Network,44.0,0.0,0.3,0.0,0.0
2024-05-30,Search Network,3087.0,195.0,741.8,22.5,4554.0
2024-05-30,YouTube,31184.0,0.0,120.0,0.0,0.0
2024-05-31,Cross-network,382446.0,2116.0,3406.4,52.1,11123.1
2024-05-31,Display Network,33.0,0.0,0.3,0.0,0.0
2024-05-31,Search Network,3284.0,171.0,490.3,17.7,5100.0
2024-05-31,YouTube,31105.0,2.0,116.1,0.0,0.0
2024-06-01,Cross-network,305567.0,1801.0,2135.0,15.8,3024.4
2024-06-01,Display Network,1.0,0.0,0.0,0.0,0.0
2024-06-01,Search Network,4556.0,252.0,551.6,6.5,1426.9
2024-06-01,YouTube,33840.0,8.0,131.9,0.0,0.0
2024-06-02,Cross-network,296727.0,1770.0,2024.2,16.3,1935.5
2024-06-02,Search Network,5155.0,314.0,604.4,6.2,1188.2
2024-06-02,YouTube,34104.0,5.0,136.4,0.0,0.0
2024-06-03,Cross-network,379263.0,2288.0,3566.3,42.7,8982.9
2024-06-03,Display Network,44.0,0.0,0.3,0.0,0.0
2024-06-03,Search Network,11236.0,672.0,2836.8,39.9,8161.9
2024-06-03,YouTube,33472.0,4.0,130.4,0.0,0.0
2024-06-04,Cross-network,377776.0,2145.0,3428.9,38.5,6760.3
2024-06-04,Display Network,60.0,0.0,0.5,0.0,0.0
2024-06-04,Search Network,10741.0,632.0,2404.4,37.9,6713.5
2024-06-04,YouTube,31480.0,1.0,128.5,0.0,0.0
2024-06-05,Cross-network,362835.0,2028.0,3341.0,41.4,9496.4
2024-06-05,Display Network,47.0,0.0,0.4,0.0,0.0
2024-06-05,Search Network,9016.0,561.0,2521.4,39.2,11473.6
2024-06-05,YouTube,31489.0,0.0,128.5,0.0,0.0
2024-06-06,Cross-network,310719.0,1895.0,2984.8,38.8,5475.7
2024-06-06,Display Network,52.0,0.0,0.4,0.0,0.0
2024-06-06,Search Network,7681.0,516.0,2112.8,34.2,9628.5
2024-06-06,YouTube,30681.0,1.0,125.8,0.0,0.0
2024-06-07,Cross-network,237885.0,1388.0,2148.3,33.4,7043.0
2024-06-07,Display Network,36.0,0.0,0.3,0.0,0.0
2024-06-07,Search Network,6184.0,437.0,1482.3,27.4,5550.4
2024-06-07,YouTube,29711.0,1.0,125.8,0.0,0.0
2024-06-08,Cross-network,161221.0,1016.0,1063.8,24.3,4007.0
2024-06-08,Display Network,21.0,0.0,0.2,0.0,0.0
2024-06-08,Search Network,4803.0,292.0,541.2,7.8,1343.0
2024-06-08,YouTube,30665.0,4.0,143.1,0.0,0.0
2024-06-09,Cross-network,171005.0,1111.0,1279.5,17.5,2943.0
2024-06-09,Search Network,4236.0,296.0,683.3,6.1,657.6
2024-06-09,YouTube,28480.0,3.0,135.8,0.0,0.0
2024-06-10,Cross-network,198908.0,1222.0,1888.5,28.2,9947.2
2024-06-10,Display Network,107.0,0.0,0.6,0.0,0.0
2024-06-10,Search Network,7116.0,542.0,2244.8,28.6,6359.2
2024-06-10,YouTube,29245.0,3.0,127.7,0.0,0.0
2024-06-11,Cross-network,315969.0,1880.0,3120.9,48.0,9526.6
2024-06-11,Display Network,135.0,0.0,0.9,0.0,0.0
2024-06-11,Search Network,8438.0,566.0,2260.4,24.7,6437.7
2024-06-11,YouTube,29440.0,1.0,127.3,0.0,0.0
2024-06-12,Cross-network,343550.0,1966.0,3092.4,35.1,6691.9
2024-06-12,Display Network,32.0,0.0,0.2,0.0,0.0
2024-06-12,Search Network,8237.0,559.0,1994.2,38.0,10142.2
2024-06-12,YouTube,27960.0,3.0,127.1,0.0,0.0
2024-06-13,Cross-network,328924.0,1797.0,2908.0,36.7,7806.8
2024-06-13,Display Network,45.0,1.0,0.3,0.0,0.0
2024-06-13,Search Network,8681.0,596.0,2653.9,37.3,6891.2
2024-06-13,YouTube,27767.0,0.0,126.0,0.0,0.0
2024-06-14,Cross-network,296388.0,1772.0,2647.8,35.0,8352.1
2024-06-14,Display Network,84.0,1.0,0.4,0.0,0.0
2024-06-14,Search Network,7976.0,523.0,1954.2,27.6,9917.0
2024-06-14,YouTube,25826.0,0.0,126.0,0.0,0.0
2024-06-15,Cross-network,233756.0,1364.0,1504.6,19.1,4420.2
2024-06-15,Display Network,3007.0,17.0,16.3,0.0,0.0
2024-06-15,Search Network,5229.0,314.0,714.6,11.6,2137.4
2024-06-15,YouTube,34803.0,81.0,237.3,0.0,0.0
2024-06-16,Cross-network,245676.0,1543.0,1711.4,16.0,4175.5
2024-06-16,Display Network,105.0,1.0,0.8,0.0,0.0
2024-06-16,Search Network,4217.0,279.0,595.9,12.8,2250.9
2024-06-16,YouTube,41384.0,186.0,248.9,0.0,0.0
2024-06-17,Cross-network,372807.0,2144.0,3649.6,51.9,9519.2
2024-06-17,Display Network,121.0,0.0,0.6,0.0,0.0
2024-06-17,Search Network,10337.0,583.0,2377.4,36.2,11796.9
2024-06-17,YouTube,34283.0,40.0,237.9,2.4,581.4
2024-06-18,Cross-network,403017.0,2272.0,3855.6,44.5,8925.5
2024-06-18,Display Network,247.0,0.0,1.2,0.0,0.0
2024-06-18,Search Network,9597.0,587.0,2415.7,44.3,9215.0
2024-06-18,YouTube,29597.0,18.0,239.9,0.2,44.3
2024-06-19,Cross-network,405984.0,2424.0,4507.1,47.6,12025.4
2024-06-19,Display Network,137.0,0.0,0.9,0.0,0.0
2024-06-19,Search Network,10783.0,613.0,2371.9,27.8,6098.4
2024-06-19,YouTube,29872.0,24.0,235.7,0.8,4.2
2024-06-20,Cross-network,392939.0,2387.0,3927.0,41.0,13889.0
2024-06-20,Display Network,123.0,0.0,0.5,0.0,0.0
2024-06-20,Search Network,10302.0,602.0,2375.8,32.5,7869.0
2024-06-20,YouTube,27842.0,25.0,236.6,0.0,0.0
2024-06-21,Cross-network,361483.0,2168.0,3558.2,31.1,9317.0
2024-06-21,Display Network,145.0,1.0,2.1,0.0,0.0
2024-06-21,Search Network,8153.0,502.0,1788.8,23.8,6587.6
2024-06-21,YouTube,27820.0,24.0,240.0,0.0,0.0
2024-06-22,Cross-network,328802.0,1921.0,2540.1,26.3,5341.6
2024-06-22,Display Network,109.0,0.0,0.7,0.0,0.0
2024-06-22,Search Network,5788.0,316.0,544.9,7.7,2338.3
2024-06-22,YouTube,29180.0,23.0,253.1,0.8,169.2
2024-06-23,Cross-network,331914.0,2004.0,2503.3,20.4,4788.3
2024-06-23,Display Network,36.0,0.0,0.3,0.0,0.0
2024-06-23,Search Network,5727.0,333.0,548.3,15.0,2680.6
2024-06-23,YouTube,25083.0,23.0,242.9,0.0,0.0
2024-06-24,Cross-network,388600.0,2362.0,4114.4,45.4,8449.8
2024-06-24,Display Network,25.0,0.0,0.2,0.0,0.0
2024-06-24,Search Network,8665.0,604.0,1738.7,34.9,8848.5
2024-06-24,YouTube,25372.0,16.0,232.5,0.0,0.0
2024-06-25,Cross-network,439584.0,2286.0,4008.7,38.2,7321.1
2024-06-25,Display Network,16.0,0.0,0.1,0.0,0.0
2024-06-25,Search Network,10389.0,656.0,2219.9,33.3,8494.6
2024-06-25,YouTube,26307.0,13.0,233.7,0.8,124.2
2024-06-26,Cross-network,450557.0,2386.0,4347.9,47.0,8190.0
2024-06-26,Display Network,16.0,0.0,0.1,0.0,0.0
2024-06-26,Search Network,11763.0,683.0,2919.4,41.5,8817.7
2024-06-26,YouTube,27224.0,20.0,232.2,0.2,7.8
2024-06-27,Cross-network,412470.0,2267.0,3750.8,29.4,4734.6
2024-06-27,Display Network,43.0,0.0,0.4,0.0,0.0
2024-06-27,Search Network,9314.0,639.0,2208.9,27.1,7720.8
2024-06-27,YouTube,26523.0,16.0,231.3,1.2,78.3
2024-06-28,Cross-network,341972.0,1971.0,3020.9,45.6,15114.7
2024-06-28,Display Network,20.0,0.0,0.2,0.0,0.0
2024-06-28,Search Network,8892.0,532.0,1814.6,38.1,9174.4
2024-06-28,YouTube,26304.0,16.0,218.7,0.0,0.0
2024-06-29,Cross-network,331972.0,2023.0,2339.7,20.5,3719.3
2024-06-29,Display Network,15.0,0.0,0.1,0.0,0.0
2024-06-29,Search Network,6575.0,348.0,655.2,4.1,3804.7
2024-06-29,YouTube,27631.0,25.0,239.8,1.2,368.1
2024-06-30,Cross-network,315253.0,1919.0,1899.1,24.6,3742.4
2024-06-30,Display Network,36.0,0.0,0.2,0.0,0.0
2024-06-30,Search Network,4541.0,264.0,465.6,9.7,915.1
2024-06-30,YouTube,25692.0,21.0,209.4,1.1,329.5
